City_ID,City,Lat,Lng,Max Temp,Humidity,Cloudiness,Wind Speed,Country,Date
0,enewetak,11.3474,162.3373,27.41,79,96,7.63,MH,1713371149
1,port-aux-francais,-49.35,70.2167,3.84,98,100,11.83,TF,1713371149
2,east london,-33.0153,27.9116,22.52,73,0,3.09,ZA,1713371152
3,bilibino,68.0546,166.4372,-22.9,98,53,2.01,RU,1713371152
4,margaret river,-33.95,115.0667,18.47,48,0,5.54,AU,1713371152
5,iskateley,67.6803,53.1512,-16.1,86,99,9.83,RU,1713371152
6,kavaratti,10.5669,72.642,29.56,73,100,3.51,IN,1713371152
7,kochubey,44.3861,46.5825,14.7,70,87,5.7,RU,1713370905
8,boca suno,-0.7167,-77.1333,24.77,59,87,1.44,EC,1713371152
9,olonkinbyen,70.9221,-8.7187,-5.97,86,100,5.73,SJ,1713371152
10,muravlenko,63.7898,74.523,0.03,99,100,4.48,RU,1713371152
11,west island,-12.1568,96.8225,27.99,89,40,4.12,CC,1713371153
12,zavolzhsk,57.4823,42.1378,6.43,93,100,1.79,RU,1713371153
13,fort st. john,56.2499,-120.8529,2.02,44,81,0.84,CA,1713371153
14,revda,56.801,59.9303,8.01,76,100,2.15,RU,1713371153
15,island harbour,50.724,-1.2758,13.04,66,100,5.88,GB,1713371153
16,adamstown,-25.066,-130.1015,22.01,69,92,10.97,PN,1713371153
17,usinsk,65.9939,57.5281,-12.45,91,100,7.15,RU,1713371153
18,shenjiamen,29.9576,122.298,11.81,88,59,5.47,CN,1713371153
19,vrangel',42.7297,133.0839,6.45,84,46,2.5,RU,1713371153
20,yellowknife,62.456,-114.3525,-4.21,68,10,2.41,CA,1713371067
21,crane,31.3974,-102.3501,25.14,9,100,1.68,US,1713371153
22,petropavlovsk-kamchatsky,53.0452,158.6483,0.43,94,100,2.0,RU,1713371153
23,blackmans bay,-43.0167,147.3167,11.07,78,76,0.89,AU,1713371153
24,hilo,19.7297,-155.09,20.85,94,75,2.06,US,1713370999
25,guiuan,11.0333,125.7247,28.35,73,29,5.12,PH,1713371154
26,mahalapye,-23.1041,26.8142,22.82,47,94,3.64,BW,1713371154
27,port lincoln,-34.7333,135.8667,14.15,78,1,4.34,AU,1713371154
28,klaksvik,62.2266,-6.589,5.51,66,70,6.64,FO,1713371154
29,bethel,41.3712,-73.414,16.44,48,100,4.12,US,1713371062
30,maceio,-9.6658,-35.7353,31.69,84,75,4.12,BR,1713370985
31,edinburgh of the seven seas,-37.0676,-12.3116,13.74,79,100,10.92,SH,1713371154
32,termoli,41.9888,14.9895,13.77,57,100,8.08,IT,1713371154
33,colonia,50.9333,6.95,10.32,71,75,1.54,DE,1713371137
34,kulhudhuffushi,6.6221,73.07,29.5,72,90,1.99,MV,1713371154
35,olinda,-8.0089,-34.8553,30.85,70,40,6.69,BR,1713371154
36,georgetown,5.4112,100.3354,28.97,76,20,1.54,MY,1713370993
37,bredasdorp,-34.5322,20.0403,20.08,70,17,4.89,ZA,1713371154
38,saudarkrokur,65.7461,-19.6394,0.42,97,91,0.84,IS,1713371154
39,chaoyang,41.5703,120.4586,17.6,31,1,2.69,CN,1713371154
40,udachny,66.4167,112.4,-4.75,84,100,9.72,RU,1713371154
41,lospalos,-8.5186,127.0025,21.74,99,100,1.75,TL,1713371154
42,santa marta,11.2408,-74.199,34.03,66,20,4.12,CO,1713370951
43,isafjordur,66.0755,-23.124,4.02,60,0,0.0,IS,1713371155
44,utrik,11.2278,169.8474,26.58,80,99,8.56,MH,1713371155
45,zakopane,49.299,19.9489,4.3,95,99,2.94,PL,1713371001
46,port alfred,-33.5906,26.891,24.03,72,1,6.55,ZA,1713371155
47,portland,45.5234,-122.6762,9.6,77,0,2.06,US,1713370747
48,hermansverk,61.1846,6.8502,8.25,38,20,3.6,NO,1713371155
49,jeddah,21.5169,39.2192,29.92,42,0,3.09,SA,1713371155
50,doka,13.5167,35.7667,36.96,8,84,4.15,SD,1713371155
51,puerto ayora,-0.7393,-90.3518,27.98,92,98,3.13,EC,1713371155
52,rajanpur,29.1035,70.325,30.32,31,95,0.67,PK,1713371155
53,hamilton,39.1834,-84.5333,22.97,75,75,12.86,US,1713370741
54,puerto natales,-51.7236,-72.4875,15.25,55,75,7.2,CL,1713370864
55,hawaiian paradise park,19.5933,-154.9731,20.73,97,75,2.06,US,1713371155
56,al bawiti,28.3492,28.8659,34.2,8,1,6.88,EG,1713371155
57,lorengau,-2.0226,147.2712,27.52,81,92,2.38,PG,1713371155
58,gobabis,-22.45,18.9667,28.62,20,0,3.48,NA,1713371156
59,rignano flaminio,42.2063,12.4794,17.5,52,39,4.25,IT,1713371156
60,moyynkum,44.2914,72.9469,17.14,51,10,1.62,KZ,1713371156
61,anadyr,64.75,177.4833,-20.72,71,0,4.0,RU,1713371156
62,achacachi,-16.05,-68.6833,12.15,47,100,4.12,BO,1713371156
63,grytviken,-54.2811,-36.5092,4.99,90,94,3.49,GS,1713371156
64,nemuro,43.3236,145.575,4.36,97,100,2.2,JP,1713371156
65,mar del plata,-38.0023,-57.5575,20.85,55,0,9.39,AR,1713370627
66,tumpat,6.1978,102.171,28.99,79,20,2.06,MY,1713371156
67,iwanai,42.9744,140.5089,10.04,99,100,0.86,JP,1713371156
68,anda,46.4,125.3167,14.93,39,66,3.92,CN,1713371156
69,susuman,62.7833,148.1667,-12.79,96,82,1.34,RU,1713371156
70,belaya kholunitsa,58.84,50.8528,7.92,92,100,3.43,RU,1713371156
71,maragogi,-9.0122,-35.2225,30.36,64,99,4.06,BR,1713371156
72,ushuaia,-54.8,-68.3,12.81,62,0,5.14,AR,1713371046
73,swakopmund,-22.6833,14.5333,19.47,76,51,5.15,NA,1713371156
74,altay,47.8667,88.1167,8.67,52,100,2.48,CN,1713371156
75,mount gambier,-37.8333,140.7667,9.91,83,53,1.65,AU,1713371156
76,la'ie,21.6477,-157.9253,20.01,79,7,3.13,US,1713371157
77,williams lake,52.1415,-122.1445,3.03,43,0,2.23,CA,1713371157
78,stanley,54.868,-1.6985,9.04,73,40,6.69,GB,1713371118
79,saipan,15.1355,145.701,26.39,78,20,2.57,MP,1713371157
80,rakops,-21.0167,24.3333,26.56,44,0,3.42,BW,1713371157
81,ar rutbah,33.0381,40.2848,26.19,23,1,2.98,IQ,1713371157
82,simanggang,1.2472,111.4528,25.99,94,100,0.0,MY,1713371157
83,holualoa,19.6228,-155.9522,21.59,46,0,2.06,US,1713371157
84,envira,-7.3,-70.2167,27.05,92,99,0.9,BR,1713371157
85,invercargill,-46.4,168.35,10.01,79,100,1.79,NZ,1713371157
86,kidal,18.4411,1.4078,36.19,5,0,4.07,ML,1713371157
87,aykhal,66.0,111.5,-5.5,89,100,10.34,RU,1713371157
88,yunfu,22.9306,112.0373,23.81,81,100,1.4,CN,1713371158
89,alice springs,-23.7,133.8833,12.75,62,3,1.54,AU,1713371158
90,broken hill,-31.95,141.4333,13.88,49,0,4.77,AU,1713371158
91,lufilufi,-13.8745,-171.5986,28.58,77,20,4.33,WS,1713370877
92,vacaria,-28.5122,-50.9339,16.4,64,38,5.18,BR,1713371158
93,sheksna,59.21,38.5107,3.98,94,98,1.4,RU,1713371158
94,hasaki,35.7333,140.8333,15.22,81,90,4.42,JP,1713371158
95,axim,4.8699,-2.2405,30.05,73,100,3.94,GH,1713371158
96,mhamid,29.82,-5.72,34.54,5,32,2.49,MA,1713371158
97,cidreira,-30.1811,-50.2056,19.39,70,50,8.06,BR,1713371158
98,iqaluit,63.7506,-68.5145,-4.94,84,96,3.48,CA,1713371158
99,puerto deseado,-47.7503,-65.8938,12.63,66,5,13.4,AR,1713370939
100,gimbi,9.1667,35.8333,22.76,21,100,1.2,ET,1713371158
101,port moresby,-9.4431,147.1797,25.68,100,40,2.57,PG,1713370936
102,nar'yan-mar,67.6713,53.087,-16.05,86,99,9.83,RU,1713371158
103,recani,31.2846,-4.2688,32.32,8,10,7.14,MA,1713371159
104,sao vicente,-23.9631,-46.3919,33.1,72,0,2.68,BR,1713371084
105,tiksi,71.6872,128.8694,-11.82,86,88,6.15,RU,1713371159
106,flying fish cove,-10.4217,105.6791,27.82,83,100,5.14,CX,1713371159
107,laojunmiao,39.8333,97.7333,13.11,14,100,2.51,CN,1713371159
108,ed damer,17.5928,33.9592,36.75,7,15,3.26,SD,1713371159
109,punta arenas,-53.15,-70.9167,13.06,67,40,5.14,CL,1713371089
110,lehliu-gara,44.4333,26.85,14.79,91,99,6.52,RO,1713371159
111,avarua,-21.2078,-159.775,26.03,83,20,5.66,CK,1713371159
112,papao,-17.75,-149.55,24.82,81,14,9.52,PF,1713371159
113,gadzhiyevo,69.2551,33.3362,-5.44,88,98,2.67,RU,1713371159
114,tsiombe,-25.3,45.4833,22.07,73,96,8.0,MG,1713371159
115,banjarmasin,-3.3244,114.591,25.28,94,80,0.69,ID,1713371159
116,beidao,34.5686,105.8933,17.86,67,31,1.94,CN,1713371159
117,waingapu,-9.6567,120.2641,25.76,85,6,3.75,ID,1713371159
118,yakeshi,49.2833,120.7333,5.49,54,44,6.65,CN,1713371160
119,wailua homesteads,22.0669,-159.378,22.24,92,75,2.57,US,1713371160
120,miyaly,48.8844,53.7836,19.24,40,2,4.59,KZ,1713371160
121,floro,61.5996,5.0328,9.04,40,0,5.66,NO,1713371160
122,farasan,16.7022,42.1183,28.84,70,91,3.91,SA,1713371160
123,carhuamayo,-10.9167,-76.0333,11.96,45,29,4.09,PE,1713371160
124,fortuna,40.5982,-124.1573,11.63,89,20,0.0,US,1713371160
125,birobidzhan,48.8,132.95,12.12,92,100,2.38,RU,1713371059
126,nedroma,35.0136,-1.748,27.64,41,100,2.81,DZ,1713371160
127,afaahiti,-17.75,-149.2833,23.93,82,6,8.09,PF,1713371160
128,oranjemund,-28.55,16.4333,16.36,89,21,3.91,NA,1713371160
129,new norfolk,-42.7826,147.0587,11.72,90,76,1.51,AU,1713371160
130,antakya,36.2066,36.1572,28.9,45,0,1.22,TR,1713371160
131,remire-montjoly,4.9167,-52.2667,27.02,94,75,1.03,GF,1713371160
132,kodiak,57.79,-152.4072,2.73,93,100,13.38,US,1713371161
133,yelizovo,53.1873,158.3805,1.17,97,100,2.0,RU,1713371089
134,port sudan,19.6175,37.2164,27.41,55,2,2.83,SD,1713371161
135,vyshniy volochek,57.5913,34.5645,5.65,83,100,1.91,RU,1713371082
136,comodoro rivadavia,-45.8667,-67.5,18.92,30,0,8.75,AR,1713370874
137,talnakh,69.4865,88.3972,-14.89,96,100,1.15,RU,1713371161
138,okha,53.5739,142.9478,2.36,97,99,3.13,RU,1713371161
139,kuroiso,36.9667,140.05,11.46,71,81,1.47,JP,1713371161
140,saint-pierre,-21.3393,55.4781,23.82,57,0,10.29,RE,1713371161
141,waitangi,-43.9535,-176.5597,12.12,95,41,5.07,NZ,1713371161
142,alindao,5.0267,21.2088,34.04,35,90,2.79,CF,1713371161
143,payson,40.0444,-111.7321,16.36,48,75,3.6,US,1713371060
144,kolonia town,6.964,158.206,27.0,94,75,2.06,FM,1713371161
145,dmitrovsk-orlovskiy,52.505,35.1464,6.79,95,100,3.7,RU,1713371161
146,thompson,55.7435,-97.8558,-0.07,97,100,5.09,CA,1713371161
147,ribeira grande,38.5167,-28.7,17.22,94,75,6.17,PT,1713371162
148,barra de santo antonio,-9.4047,-35.5072,31.6,71,96,3.64,BR,1713371162
149,nuuk,64.1835,-51.7216,4.34,75,75,3.6,GL,1713371162
150,port elizabeth,-33.918,25.5701,25.61,64,0,2.06,ZA,1713371162
151,pinarbasi,38.7229,36.3931,15.2,41,36,5.09,TR,1713371162
152,ilulissat,69.2167,-51.1,-3.99,58,0,1.54,GL,1713371162
153,andergrove,-21.0833,149.1833,24.1,83,49,4.24,AU,1713371162
154,vila velha,-20.3297,-40.2925,28.97,77,40,4.63,BR,1713370721
155,lihue,21.9789,-159.3672,22.58,89,75,2.57,US,1713371162
156,bikenibeu village,1.3673,173.1241,25.98,94,75,1.54,KI,1713371162
157,labuan,5.2767,115.2417,27.2,89,20,0.0,MY,1713371162
158,ndago,-4.6,34.35,18.85,89,82,3.21,TZ,1713371165
159,sai buri,6.7013,101.6168,26.45,88,91,2.12,TH,1713371166
160,sao gabriel da cachoeira,-0.1303,-67.0892,30.89,74,40,4.12,BR,1713370940
161,ulysses,37.5814,-101.3552,24.22,35,0,5.66,US,1713370983
162,port douglas,-16.4833,145.4667,25.28,83,72,5.78,AU,1713371170
163,noumea,-22.2763,166.4572,18.99,80,30,4.95,NC,1713371170
164,posse,-14.0931,-46.3694,30.86,43,13,3.22,BR,1713371127
165,praia da vitoria,38.7333,-27.0667,19.14,82,40,5.67,PT,1713371171
166,kaspiyskiy,45.3929,47.3707,13.52,74,17,7.48,RU,1713371172
167,longyearbyen,78.2186,15.6401,-10.09,73,0,1.54,SJ,1713371172
168,hirara,24.8,125.2833,25.15,88,75,2.57,JP,1713371172
169,macheng,31.1783,115.0319,15.83,88,5,1.38,CN,1713371172
170,haiku-pauwela,20.9219,-156.3051,20.02,88,40,0.45,US,1713371172
171,port macquarie,-31.4333,152.9167,15.5,99,48,2.0,AU,1713371172
172,gazojak,41.1875,61.4036,24.14,21,0,3.84,TM,1713371172
173,tobelo,1.7284,128.0095,27.04,83,100,1.48,ID,1713371172
174,carolina beach,34.0352,-77.8936,27.04,60,100,3.9,US,1713371172
175,aasiaat,68.7098,-52.8699,-8.48,74,4,3.0,GL,1713371172
176,ta`u,-14.2336,-169.5144,28.51,78,45,6.11,AS,1713371175
177,kununurra,-15.7667,128.7333,26.99,54,99,2.57,AU,1713371065
178,fort morgan,40.2503,-103.8,14.68,47,0,5.14,US,1713370943
179,acapulco de juarez,16.8634,-99.8901,27.9,74,0,4.63,MX,1713371177
180,veraval,20.9,70.3667,28.32,68,36,6.11,IN,1713371177
181,mubi,10.2676,13.2644,40.28,12,100,2.73,NG,1713371177
182,salinopolis,-0.6136,-47.3561,30.02,73,73,4.5,BR,1713371068
183,evreux,49.0241,1.1508,9.51,66,75,8.75,FR,1713371177
184,hadibu,12.65,54.0333,29.21,80,82,0.92,YE,1713371177
185,cangzhou,38.3167,116.8667,17.98,36,23,3.19,CN,1713371177
186,kenora,49.8167,-94.4337,3.74,93,100,3.0,CA,1713371111
187,weno,7.4515,151.8468,26.97,83,75,3.09,FM,1713371177
188,lebu,-37.6167,-73.65,16.5,77,56,2.57,CL,1713371177
189,masterton,-40.9597,175.6575,12.71,97,1,1.48,NZ,1713371177
190,al burayqah,30.4062,19.5739,18.86,84,0,8.58,LY,1713371178
191,jamestown,42.097,-79.2353,14.18,88,100,1.79,US,1713371178
192,vorgashor,67.5833,63.95,-11.78,95,100,6.64,RU,1713370906
193,fort bragg,35.139,-79.006,25.46,60,100,2.24,US,1713371178
194,gadani,25.1185,66.7299,29.12,69,5,5.12,PK,1713371179
195,ancud,-41.8697,-73.8203,13.42,71,43,1.92,CL,1713371180
196,urangan,-25.3,152.9,22.33,89,15,2.68,AU,1713371180
197,anloga,5.7947,0.8973,29.68,74,100,5.84,GH,1713371181
198,al jawf,29.5,38.75,27.97,17,0,2.31,SA,1713371181
199,vilyuchinsk,52.9306,158.4028,1.25,95,100,0.66,RU,1713371181
200,puerto baquerizo moreno,-0.9,-89.6,28.55,70,40,5.14,EC,1713371181
201,codrington,-38.2667,141.9667,11.62,81,27,3.75,AU,1713371181
202,tamanrasset,22.785,5.5228,30.95,7,0,3.6,DZ,1713370965
203,hashtrud,37.4779,47.0508,16.19,34,1,2.78,IR,1713371181
204,papatowai,-46.5619,169.4708,10.98,67,100,5.27,NZ,1713371181
205,comendador,18.8775,-71.7028,27.68,64,52,2.38,DO,1713371181
206,buka,40.8108,69.1986,17.94,54,0,2.33,UZ,1713371181
207,valparaiso,-33.0393,-71.6273,31.13,17,0,5.66,CL,1713370904
208,manismata,-2.4667,111.0333,24.4,98,100,1.04,ID,1713371182
209,tanout,14.9709,8.8879,40.08,7,29,2.09,NE,1713371182
210,smithers,54.7804,-127.1743,4.35,61,6,0.78,CA,1713371183
211,sao miguel do araguaia,-13.275,-50.1628,32.34,51,68,2.23,BR,1713371183
212,bata,1.8639,9.7658,27.83,81,100,1.06,GQ,1713371183
213,flin flon,54.7682,-101.865,0.18,97,100,6.18,CA,1713371055
214,korfovskiy,48.2183,135.0564,8.4,88,100,2.81,RU,1713371184
215,yasinya,48.2794,24.3604,3.26,100,100,1.78,UA,1713371184
216,westport,41.1415,-73.3579,17.01,54,0,7.2,US,1713371172
217,kudahuvadhoo,2.6708,72.8944,29.4,72,67,3.72,MV,1713371184
218,hinton,53.4001,-117.5857,-0.6,57,100,2.93,CA,1713371038
219,dudinka,69.4058,86.1778,-14.62,86,100,3.13,RU,1713371184
220,saldanha,-33.0117,17.9442,15.03,94,82,4.75,ZA,1713371185
221,ugoofaaru,5.6667,73.0,29.29,72,62,2.25,MV,1713371185
222,tazovsky,67.4667,78.7,-0.23,99,100,6.59,RU,1713371185
223,albany,42.6001,-73.9662,16.05,44,93,0.45,US,1713371045
224,simpang,-1.2667,104.0833,24.38,93,99,0.69,ID,1713371186
225,kegen,43.0197,79.2203,3.9,84,98,1.66,KZ,1713371187
226,san patricio,28.017,-97.5169,25.92,68,100,6.1,US,1713371187
227,rundu,-17.9333,19.7667,29.68,29,15,1.53,NA,1713371187
228,khandyga,62.6667,135.6,-3.85,97,98,1.88,RU,1713371187
229,as sulayyil,20.4607,45.5779,29.14,21,0,3.1,SA,1713371187
230,mbaiki,3.8678,17.9892,31.85,45,100,1.32,CF,1713371188
231,basoko,1.2391,23.616,31.12,58,96,1.88,CD,1713371188
232,watertown,42.3709,-71.1828,16.83,51,0,3.58,US,1713370905
233,constantia,44.1833,28.65,16.38,49,74,9.99,RO,1713371188
234,progreso,21.2833,-89.6667,32.84,48,8,3.87,MX,1713371189
235,ibshaway,29.358,30.6814,33.94,11,0,4.13,EG,1713371189
236,labytnangi,66.6572,66.4183,-11.46,94,100,8.85,RU,1713370993
237,valle nacional,17.7833,-96.3167,35.91,33,9,2.06,MX,1713371190
238,emmett,43.8735,-116.4993,7.89,47,0,1.34,US,1713371190
239,la cruz,23.9167,-106.9,25.76,45,100,2.75,MX,1713371190
240,luderitz,-26.6481,15.1594,19.61,71,4,5.4,NA,1713371190
241,poso,-1.3959,120.7524,25.75,90,99,1.36,ID,1713371190
242,qaqortoq,60.7167,-46.0333,0.72,98,100,1.17,GL,1713371190
243,el calafate,-50.3408,-72.2768,10.43,77,11,2.96,AR,1713371190
244,yuzhno-kurilsk,44.0306,145.8556,4.1,98,100,1.54,RU,1713371190
245,tofol,5.3248,163.0078,28.13,80,45,4.97,FM,1713371190
246,shorewood,41.52,-88.2017,17.38,76,100,10.29,US,1713370970
247,wajir,1.7471,40.0573,32.98,52,40,2.57,KE,1713371190
248,migne,46.6274,0.3146,13.31,55,0,4.63,FR,1713371190
249,ola,59.5833,151.2833,-7.7,89,51,3.3,RU,1713371191
250,vyazemskiy,47.5378,134.7525,10.28,93,100,1.71,RU,1713371191
251,ruteng,-8.6136,120.4721,17.98,99,100,1.14,ID,1713371192
252,carnarvon,-24.8667,113.6333,26.74,52,29,3.92,AU,1713371192
253,purpe,64.4803,76.6897,0.44,98,100,7.0,RU,1713371192
254,sun prairie,43.1836,-89.2137,15.32,83,100,4.12,US,1713371194
255,hammerfest,70.6634,23.6821,-2.75,63,40,4.12,NO,1713371194
256,coronel vivida,-25.9797,-52.5678,20.72,53,42,3.66,BR,1713371074
257,charters towers,-20.1,146.2667,20.39,92,50,4.09,AU,1713371194
258,st. john's,47.5649,-52.7093,9.04,96,100,1.79,CA,1713371046
259,piacabucu,-10.4056,-36.4344,31.2,60,22,3.63,BR,1713371195
260,tacuarembo,-31.7333,-55.9833,20.42,56,0,7.63,UY,1713371195
261,ketchikan,55.3422,-131.6461,6.86,87,0,0.0,US,1713371195
262,robore,-18.3333,-59.75,21.05,94,100,0.0,BO,1713371195
263,basco,20.4487,121.9702,27.42,77,33,3.26,PH,1713371195
264,al kharijah,25.4514,30.5464,33.72,10,12,2.3,EG,1713371196
265,pisco,-13.7,-76.2167,22.23,88,65,3.09,PE,1713371154
266,bulungu,-4.55,18.6,27.31,75,97,1.36,CD,1713371197
267,margate,51.3813,1.3862,11.61,52,66,3.58,GB,1713371104
268,tulun,54.5611,100.5792,-0.54,61,0,1.89,RU,1713371198
269,benjamin constant,-4.3831,-70.0311,31.07,79,40,1.54,BR,1713371198
270,merizo village,13.2658,144.6691,27.31,89,31,4.76,GU,1713371199
271,chonchi,-42.6128,-73.8092,13.4,65,39,1.82,CL,1713371200
272,takoradi,4.8845,-1.7554,30.24,71,99,3.33,GH,1713371200
273,buturlinovka,50.8239,40.6092,21.15,47,100,7.37,RU,1713371200
274,casas grandes,30.3667,-107.95,20.11,10,75,0.59,MX,1713371200
275,santa cruz,-17.8,-63.1667,24.7,57,75,8.75,BO,1713371198
276,balkanabat,39.5108,54.3671,23.87,24,0,5.37,TM,1713371200
277,dobryanka,58.4619,56.4165,7.62,87,100,1.74,RU,1713371200
278,los arabos,22.7281,-80.7214,31.68,36,2,6.97,CU,1713371200
279,mangai,-4.05,19.5333,28.07,72,100,0.74,CD,1713371200
280,hermanus,-34.4187,19.2345,15.45,92,49,2.36,ZA,1713371200
281,lata,40.1629,-8.3327,23.93,40,100,3.45,PT,1713371200
282,shimoda,34.6667,138.95,16.51,75,100,4.72,JP,1713371201
283,tazacorte,28.629,-17.9293,23.54,69,0,2.57,ES,1713371203
284,emporia,38.4039,-96.1817,23.06,35,0,3.6,US,1713371147
285,shetpe,44.1667,52.1167,22.75,26,75,2.58,KZ,1713371124
286,minas,-34.3759,-55.2377,18.78,67,8,8.99,UY,1713370946
287,port mathurin,-19.6833,63.4167,25.36,74,98,10.74,MU,1713371203
288,esquel,-42.9,-71.3167,9.67,70,78,2.22,AR,1713371204
289,lagodekhi,41.8268,46.2767,17.5,73,64,2.62,GE,1713371204
290,taltal,-25.4,-70.4833,21.66,66,8,2.34,CL,1713371204
291,atafu village,-8.5421,-172.5159,29.26,73,17,4.13,TK,1713371204
292,kristiansund,63.1115,7.732,8.03,49,40,4.12,NO,1713371204
293,kavalerovo,44.2661,135.0572,10.22,58,100,1.34,RU,1713371204
294,vilyuysk,63.7553,121.6247,-6.11,92,100,4.02,RU,1713371204
295,tual,-5.6667,132.75,28.17,75,100,1.49,ID,1713371205
296,nadi,-17.8,177.4167,22.0,88,20,0.0,FJ,1713371206
297,nova vicosa,-17.8919,-39.3719,28.89,54,45,3.55,BR,1713371206
298,zouerate,22.7187,-12.4521,35.32,5,0,4.31,MR,1713371206
299,scarborough,54.2797,-0.4044,7.18,82,48,4.47,GB,1713371206
300,nagqu,31.5,92.0,-1.46,41,67,1.75,CN,1713371206
301,yangambi,0.8102,24.4336,27.44,75,95,0.74,CD,1713371206
302,port hedland,-20.3167,118.5667,26.03,29,0,3.6,AU,1713371206
303,namibe,-15.1961,12.1522,26.98,75,1,3.85,AO,1713371206
304,watford city,47.8022,-103.2832,5.64,75,100,9.77,US,1713370989
305,ostrovskoye,57.8057,42.2433,5.94,96,100,1.57,RU,1713371206
306,lazaro cardenas,17.9583,-102.2,28.99,42,85,2.14,MX,1713371206
307,palmer,42.1584,-72.3287,16.29,41,56,0.89,US,1713371116
308,kailua-kona,19.6406,-155.9956,23.66,64,0,2.06,US,1713370992
309,klyuchi,52.2667,79.1667,11.46,58,100,2.81,RU,1713371206
310,castillos,-34.1667,-53.8333,21.01,55,1,6.02,UY,1713371206
311,ixtapa,20.7,-105.2,24.57,69,75,1.54,MX,1713371208
312,nuriootpa,-34.4833,139.0,11.32,95,0,2.29,AU,1713371040
313,inawashiro,37.5667,140.1167,9.96,93,31,1.1,JP,1713371208
314,letlhakeng,-24.0944,25.0298,22.27,46,19,1.53,BW,1713371209
315,mirny,62.5353,113.9611,-8.2,93,83,3.13,RU,1713371209
316,kabba,7.8287,6.0731,37.42,26,96,2.07,NG,1713371209
317,yuma,32.7253,-114.6244,28.54,24,0,0.0,US,1713371209
318,plettenberg bay,-34.0527,23.3716,19.45,76,1,2.22,ZA,1713371209
319,itoman,26.1247,127.6694,25.78,94,75,7.72,JP,1713371209
320,sinabang,2.4803,96.3801,27.39,82,92,0.9,ID,1713371209
321,hithadhoo,-0.6,73.0833,28.55,76,100,2.85,MV,1713371209
322,senanga,-16.1167,23.2667,28.51,36,22,2.22,ZM,1713371209
323,kapuskasing,49.4169,-82.4331,6.02,48,100,6.6,CA,1713371209
324,ha tinh,18.3333,105.9,25.17,82,0,1.19,VN,1713371209
325,chibougamau,49.9168,-74.3659,2.67,56,71,2.62,CA,1713371210
326,dauphin,51.1494,-100.0502,5.03,80,100,5.05,CA,1713370920
327,lompoc,34.6391,-120.4579,21.03,51,0,1.54,US,1713371211
328,sao bento do sul,-26.2503,-49.3786,23.57,47,88,3.03,BR,1713371211
329,freetown,8.484,-13.2299,30.84,62,96,3.6,SL,1713371211
330,mejit,10.2753,170.8646,27.12,82,100,9.15,MH,1713371211
331,mount isa,-20.7333,139.5,24.87,73,100,3.09,AU,1713371215
332,bozoum,6.3193,16.3799,36.79,23,100,2.78,CF,1713371063
333,minas de marcona,-15.2119,-75.1103,21.14,54,8,5.46,PE,1713371215
334,coahuayana de hidalgo,18.7,-103.6583,29.85,46,26,2.48,MX,1713371215
335,nieuw amsterdam,5.8833,-55.0833,25.01,94,40,1.03,SR,1713371215
336,broome,42.2506,-75.833,17.48,49,75,3.09,US,1713371215
337,upper dir,35.2058,71.8756,15.41,55,100,0.74,PK,1713371215
338,severo-yeniseyskiy,60.3725,93.0408,-4.68,94,8,2.24,RU,1713371215
339,mangrol,21.1167,70.1167,28.11,70,4,5.97,IN,1713371216
340,ephrata,40.1798,-76.1788,18.08,66,75,3.09,US,1713371216
341,mogadishu,2.0371,45.3438,29.93,89,20,5.66,SO,1713371066
342,isla del bosque,22.7333,-105.85,25.87,54,100,1.56,MX,1713371216
343,villa gesell,-37.2639,-56.973,21.7,53,0,10.95,AR,1713371216
344,jutai,-5.1833,-68.9,32.74,57,99,1.72,BR,1713371216
345,thunder bay,48.4001,-89.3168,1.71,97,100,7.29,CA,1713371214
346,guararapes,-21.2608,-50.6428,29.1,63,100,3.91,BR,1713370997
347,inari,68.906,27.0288,-2.8,77,97,3.52,FI,1713371216
348,puerto madero,14.7208,-92.4215,33.11,46,20,0.0,MX,1713370664
349,filingue,14.3521,3.3168,39.21,7,99,3.82,NE,1713371216
350,morehead city,34.7229,-76.726,29.0,75,0,5.66,US,1713371006
351,nahrin,36.0649,69.1334,15.69,71,100,0.74,AF,1713371216
352,baiyin,36.5583,104.2081,18.21,43,100,4.89,CN,1713371216
353,stewartville,43.8555,-92.4885,10.2,83,100,11.83,US,1713371216
354,bubaque,11.2833,-15.8333,26.39,69,1,6.53,GW,1713371216
355,smara,26.7384,-11.6719,33.73,12,2,7.07,EH,1713371216
356,nchelenge,-9.3451,28.734,23.3,80,70,1.9,ZM,1713371217
357,macau,22.2006,113.5461,28.89,94,20,3.09,MO,1713370943
358,huarmey,-10.0681,-78.1522,24.1,73,13,5.0,PE,1713371147
359,pemba,-12.974,40.5178,28.39,83,75,4.12,MZ,1713371217
360,ungsang-nodongjagu,42.3578,130.4622,7.62,57,86,1.31,KP,1713371217
361,esmeraldas,-19.7625,-44.3139,29.58,56,19,1.36,BR,1713371014
362,the pas,53.8251,-101.2541,0.41,99,100,4.77,CA,1713371217
363,virginia,37.5481,-77.4467,22.46,64,100,4.12,US,1713371128
364,lugus,5.7036,120.8203,28.57,75,95,1.72,PH,1713371217
365,prince rupert,54.3161,-130.3201,7.58,56,0,0.77,CA,1713371217
366,marovoay,-16.1,46.6333,27.71,56,88,4.46,MG,1713371217
367,prince albert,53.2001,-105.7677,-0.68,94,100,9.97,CA,1713371217
368,vadso,70.0744,29.7487,-1.91,64,75,7.72,NO,1713371217
369,kismayo,-0.3582,42.5454,28.72,78,63,7.14,SO,1713371217
370,bandon,51.7469,-8.7425,11.77,81,99,8.05,IE,1713371217
371,ailuk,10.2197,169.9797,26.95,83,100,9.05,MH,1713371217
372,college,64.8569,-147.8028,-1.42,77,75,1.54,US,1713371218
373,ust-nera,64.5667,143.2,-10.06,96,91,2.73,RU,1713371218
374,porto franco,-6.3383,-47.3992,32.42,60,92,1.86,BR,1713371218
375,akjoujt,19.6969,-14.4164,39.74,5,0,4.28,MR,1713371218
376,richards bay,-28.783,32.0377,22.26,65,8,5.23,ZA,1713371218
377,marabba,12.35,32.1833,38.46,7,100,1.7,SD,1713371218
378,stranraer,54.9023,-5.0273,8.5,70,33,7.49,GB,1713371218
379,katsuura,35.1333,140.3,16.35,87,99,5.89,JP,1713371218
380,kimberley,-28.7323,24.7623,18.83,63,0,4.12,ZA,1713371033
381,kerch,45.3583,36.4758,14.2,76,91,9.39,UA,1713371218
382,udalguri,26.7667,92.1333,25.34,57,7,6.35,IN,1713371218
383,zhongxiang,31.1661,112.5831,16.49,68,16,1.06,CN,1713371218
384,whitehorse,60.7161,-135.0538,0.05,79,4,2.97,CA,1713371218
385,arteche,12.2645,125.4048,25.05,85,96,2.01,PH,1713371218
386,bantogon,6.5333,124.0333,27.18,80,99,1.23,PH,1713371218
387,el campo,29.1966,-96.2697,27.12,74,100,4.77,US,1713371218
388,keflavik,64.0049,-22.5624,5.24,75,75,4.63,IS,1713371219
389,ponnani,10.767,75.9252,29.62,77,100,3.99,IN,1713371219
390,swan hill,-35.3378,143.5544,11.26,76,3,3.12,AU,1713371219
391,kerikeri,-35.2268,173.9474,9.95,93,14,1.6,NZ,1713371219
392,sakaiminato,35.55,133.2333,13.99,100,75,1.54,JP,1713371219
393,yulinshi,38.2906,109.7494,18.47,36,7,3.33,CN,1713371219
394,las tablas,7.7667,-80.2833,31.13,56,60,5.93,PA,1713371219
395,lakatoro,-16.0999,167.4164,27.2,81,86,6.62,VU,1713371219
396,tabou,4.423,-7.3528,30.04,70,100,2.82,CI,1713371219
397,leku,6.8667,38.45,19.44,80,98,1.11,ET,1713371219
398,fall river,41.7015,-71.1551,17.07,54,0,5.14,US,1713370993
399,reggane,26.7158,0.1714,33.61,10,4,1.87,DZ,1713371219
400,mana,5.6592,-53.7767,22.68,96,100,2.25,GF,1713371220
401,bojnurd,37.4747,57.329,16.97,34,0,3.09,IR,1713371220
402,tiznit,29.5833,-9.5,26.47,33,1,4.9,MA,1713371220
403,panama city beach,30.1766,-85.8055,27.25,56,0,5.66,US,1713371220
404,inhambane,-23.865,35.3833,23.36,82,44,4.07,MZ,1713371220
405,san antonio de pale,-1.4014,5.6325,27.52,78,100,2.49,GQ,1713371220
406,tanjung pandan,-2.75,107.65,26.28,84,94,0.65,ID,1713371220
407,manadhoo,5.7667,73.3833,29.37,73,32,2.66,MV,1713371220
408,cabo san lucas,22.8909,-109.9124,27.56,75,100,3.13,MX,1713371065
409,al ghayzah,16.2079,52.176,29.11,71,56,5.23,YE,1713371220
410,ryotsu-minato,38.0833,138.4333,10.71,85,61,0.1,JP,1713371220
411,tralee,52.2704,-9.7026,11.14,87,75,5.14,IE,1713371220
412,mizdah,31.4451,12.9801,26.3,25,0,7.26,LY,1713371220
413,kijang,35.2442,129.2139,12.85,68,100,2.72,KR,1713371220
414,garissa,-0.4536,39.6401,30.25,60,100,8.41,KE,1713371221
415,choibalsan,48.0667,114.5,5.22,28,25,4.47,MN,1713371221
416,yanam,16.7333,82.2167,27.76,78,57,1.64,IN,1713371221
417,el hamma,33.8915,9.7963,22.62,24,0,1.48,TN,1713371221
418,noshiro,40.2039,140.0242,10.21,96,89,2.09,JP,1713371221
419,urumqi,43.801,87.6005,9.53,93,75,1.0,CN,1713371221
420,peace river,56.2501,-117.286,0.36,79,6,3.5,CA,1713371221
421,al kharj,24.155,47.3346,29.32,20,0,3.72,SA,1713371106
422,kruisfontein,-34.0033,24.7314,24.38,44,0,1.5,ZA,1713371221
423,tres arroyos,-38.3739,-60.2798,17.54,47,0,9.06,AR,1713371221
424,shevchenko,48.5,35.0,21.43,40,91,6.49,UA,1713371221
425,yemva,62.59,50.8594,-0.07,99,100,1.89,RU,1713371221
426,labrador city,52.9463,-66.9114,-1.01,61,85,1.34,CA,1713371221
427,riosucio,5.4216,-75.7032,21.96,79,97,0.39,CO,1713371221
428,timimoun,29.2639,0.231,34.21,9,0,1.03,DZ,1713371222
429,guayaramerin,-10.8368,-65.3614,29.03,79,75,2.57,BO,1713371222
430,charcas,23.1333,-101.1167,24.5,34,26,1.32,MX,1713371222
431,vila franca do campo,37.7167,-25.4333,19.23,99,64,5.51,PT,1713371222
432,coquimbo,-29.9533,-71.3436,20.55,56,3,2.55,CL,1713370962
433,shatrovo,56.5167,64.6333,8.25,77,100,3.64,RU,1713371222
434,isabela,6.7085,121.9711,26.89,87,76,2.57,PH,1713371046
435,mersa matruh,31.3525,27.2453,24.11,57,0,8.75,EG,1713371222
436,pamandzi,-12.7967,45.2794,29.88,74,100,4.12,YT,1713371222
437,saint-joseph,-21.3667,55.6167,23.21,72,100,6.92,RE,1713371222
438,adelaide,-34.9333,138.6,13.94,82,75,4.12,AU,1713371182
439,celendin,-6.8703,-78.1517,20.29,66,64,1.65,PE,1713371222
440,hailey,43.5196,-114.3153,4.92,29,0,6.71,US,1713371156
441,tindouf,27.6711,-8.1474,36.25,6,0,3.09,DZ,1713371222
442,uturoa,-16.7333,-151.4333,27.6,80,24,7.44,PF,1713371223
443,tubarjal,30.4999,38.216,29.34,16,0,2.36,SA,1713371223
444,newman,37.3138,-121.0208,20.01,80,100,0.89,US,1713371223
445,pandan,14.0453,124.1694,25.94,88,46,2.49,PH,1713371223
446,kolokani,13.5728,-8.0339,39.96,6,7,3.93,ML,1713371223
447,dera bugti,29.0307,69.151,27.23,38,100,1.78,PK,1713371223
448,mount pearl,47.5166,-52.7813,8.58,96,100,0.45,CA,1713371223
449,fonte boa,-2.4959,-66.2662,29.69,71,100,0.24,BR,1713371223
450,vizinga,61.0749,50.1031,5.1,94,100,1.65,RU,1713371223
451,pucon,-39.2822,-71.9543,16.4,74,70,0.42,CL,1713371223
452,pico truncado,-46.7949,-67.9573,14.62,40,0,5.74,AR,1713371224
453,abepura,-2.6333,140.5833,24.45,100,40,1.03,ID,1713371224
454,trairi,-3.2778,-39.2689,28.88,79,100,3.54,BR,1713371220
455,peniche,39.3558,-9.3811,23.38,69,97,5.64,PT,1713371226
456,ambon,-3.6954,128.1814,26.04,95,20,3.6,ID,1713371226
457,arar,30.9753,41.0381,28.01,15,0,3.09,SA,1713371226
458,usogorsk,63.4106,48.6872,-1.85,93,99,2.33,RU,1713371227
459,antofagasta,-23.65,-70.4,23.6,68,3,2.3,CL,1713370962
460,gilgit,35.9221,74.3087,12.53,46,100,1.47,PK,1713371227
461,rio grande,-32.035,-52.0986,24.06,52,40,8.02,BR,1713371227
462,midelt,32.6852,-4.7451,25.59,15,67,8.24,MA,1713371227
463,torbat-e heydariyeh,35.274,59.2195,12.75,51,100,6.37,IR,1713371228
464,kone,-21.0595,164.8658,21.34,84,62,1.56,NC,1713371228
465,yinchuan,38.4681,106.2731,22.28,21,75,2.34,CN,1713371229
466,hilton head island,32.2163,-80.7526,26.03,73,100,0.89,US,1713371160
467,itimadpur,27.25,78.2,32.65,17,16,6.63,IN,1713371230
468,san luis,-33.295,-66.3356,23.56,28,0,6.52,AR,1713371230
469,camiri,-20.05,-63.5167,24.88,50,75,0.0,BO,1713371230
470,guerrero negro,27.9769,-114.0611,18.28,70,0,4.96,MX,1713371032
471,xiaoweizhai,26.1903,107.5125,18.54,97,99,0.5,CN,1713371230
472,kokoda,-8.8785,147.7407,23.57,99,100,0.45,PG,1713371231
473,uskudar,41.0225,29.0237,24.29,41,0,2.57,TR,1713371231
474,songjianghe,42.1859,127.479,7.77,54,99,1.9,CN,1713371234
475,saint-philippe,-21.3585,55.7679,23.77,72,100,6.3,RE,1713371234
476,penzance,50.1186,-5.5371,11.38,81,40,8.23,GB,1713371140
477,selibaby,15.159,-12.1829,41.23,5,0,3.02,MR,1713371236
478,nyurba,63.2842,118.3319,-15.42,97,43,2.26,RU,1713371236
479,sahy,48.0741,18.9495,11.14,61,85,6.42,SK,1713371236
480,xiva,41.3783,60.3639,20.99,18,0,3.74,UZ,1713371236
481,vorkuta,67.5,64.0,-11.61,95,100,7.15,RU,1713371226
482,olyokminsk,60.3736,120.4264,-4.64,84,99,3.78,RU,1713371236
483,kapa'a,22.0752,-159.319,22.99,92,75,2.57,US,1713371236
484,douz,33.4663,9.0203,29.85,19,0,5.47,TN,1713371236
485,kiunga,-6.1219,141.2906,23.11,100,100,1.01,PG,1713371236
486,prakhon chai,14.6059,103.1208,30.92,51,21,3.03,TH,1713371236
487,anna regina,7.2644,-58.5077,30.05,66,67,4.26,GY,1713371239
488,las palmas,28.4204,-14.0131,20.44,78,0,3.6,ES,1713371240
489,dryden,49.7833,-92.7503,2.94,90,100,3.26,CA,1713371240
490,coxen hole,16.3244,-86.5366,29.6,66,20,7.72,HN,1713371137
491,bargaal,11.2864,51.0773,29.51,77,19,2.21,SO,1713371240
492,kuala tungkal,-0.8167,103.4667,25.49,93,100,1.49,ID,1713371240
493,talara,-4.5772,-81.2719,30.42,54,0,6.69,PE,1713371240
494,kenai,60.5544,-151.2583,4.05,62,100,5.14,US,1713371241
495,lycksele,64.5954,18.6735,-0.07,69,75,3.6,SE,1713371242
496,khenchela,35.4358,7.1433,21.14,31,1,6.66,DZ,1713371243
497,sayat,38.7839,63.8803,21.93,34,76,8.55,TM,1713371243
498,sasaguri,33.6167,130.5333,17.17,54,100,1.03,JP,1713371243
499,leh,34.1667,77.5833,-6.67,62,98,1.82,IN,1713371244
500,tura,25.5198,90.2201,27.2,26,1,2.38,IN,1713371244
501,sabha,27.0377,14.4283,28.66,18,0,3.16,LY,1713371245
502,likiep,9.8251,169.3107,27.06,83,79,9.08,MH,1713371245
503,tongliao,43.6125,122.2653,14.59,34,21,3.82,CN,1713371245
504,kokshetau,53.2775,69.3883,10.45,77,70,3.26,KZ,1713371245
505,qarauyl,48.9451,79.255,14.2,52,70,1.57,KZ,1713371245
506,kaa-khem,51.6833,94.7333,10.23,61,2,2.55,RU,1713371245
507,plastun,44.7561,136.2939,7.77,96,100,0.82,RU,1713371245
508,labuan bajo,-8.4964,119.8877,26.32,84,100,2.33,ID,1713371245
509,park city,42.3484,-87.8842,17.64,76,75,8.75,US,1713371146
510,loreto,22.2667,-101.9667,25.32,24,34,0.84,MX,1713371245
511,manokwari,-0.8667,134.0833,26.28,85,86,1.05,ID,1713371245
512,namsos,64.4662,11.4957,5.03,70,40,3.6,NO,1713371246
513,igarka,67.4667,86.5833,-0.55,90,100,8.94,RU,1713371246
514,itacoatiara,-3.1431,-58.4442,25.78,94,100,1.0,BR,1713371230
515,laguna,38.421,-121.4238,20.05,80,0,1.54,US,1713371006
516,slave lake,55.2834,-114.769,-1.19,60,45,5.03,CA,1713370982
517,samsun,41.25,36.3333,18.42,48,0,2.57,TR,1713371129
518,koysinceq,36.0821,44.6278,20.88,45,0,4.39,IQ,1713371247
519,humaita,-7.5061,-63.0208,31.84,67,94,1.47,BR,1713371247
520,sodo,6.8642,37.7628,18.36,76,82,0.95,ET,1713371247
521,nguruka,-5.1092,31.0419,21.11,92,34,2.13,TZ,1713371247
522,federal,-30.9547,-58.7833,21.69,60,0,4.9,AR,1713371247
523,faro,37.0194,-7.9322,22.32,83,20,3.09,PT,1713371023
524,rocha,-34.4833,-54.3333,21.36,53,2,7.65,UY,1713371247
525,monteros,-27.1674,-65.4983,21.69,62,6,1.62,AR,1713371247
526,vangaindrano,-23.35,47.6,21.59,84,99,2.17,MG,1713371247
527,chornobay,49.6708,32.3239,8.5,89,100,5.3,UA,1713371247
528,lapai,9.05,6.5667,39.78,21,100,1.72,NG,1713371247
529,katsuren-haebaru,26.3369,127.8719,25.78,90,89,6.16,JP,1713371247
530,nogliki,51.8333,143.1667,3.52,89,100,4.02,RU,1713371247
531,zhangye,38.9342,100.4517,18.32,18,100,2.49,CN,1713371247
532,cam pha mines,21.0167,107.3,24.4,89,88,1.75,VN,1713371248
533,fruita,39.1589,-108.729,19.78,32,0,1.54,US,1713371248
534,corozal,9.3151,-75.2928,33.55,52,80,3.75,CO,1713371248
535,fort mcmurray,56.7268,-111.381,-1.42,43,34,5.65,CA,1713371248
536,kwang binh,17.4833,106.6,26.83,73,4,1.39,VN,1713371248
537,fale old settlement,-9.3852,-171.2468,29.06,72,10,1.92,TK,1713371248
538,nizhnesortymskiy,62.4397,71.7603,1.35,99,100,6.82,RU,1713371248
539,talovskiy,51.1144,40.73,21.19,48,100,7.21,RU,1713371248
540,kingston,17.997,-76.7936,30.53,67,75,2.06,JM,1713371096
541,antalaha,-14.9003,50.2788,25.06,91,30,6.03,MG,1713371248
542,az zawr,29.4425,48.2747,27.79,67,0,5.44,KW,1713371249
543,qamdo,31.1667,97.2333,2.06,78,100,3.76,CN,1713371250
544,chimoio,-19.1164,33.4833,21.92,83,75,0.73,MZ,1713371250
545,sitka,57.0531,-135.33,3.94,70,0,1.54,US,1713371250
546,antsiranana,-12.2787,49.2917,26.71,80,100,8.34,MG,1713371250
547,raja,8.4596,25.678,37.84,10,100,3.23,SS,1713371250
548,ulsteinvik,62.3432,5.8487,9.5,65,15,7.15,NO,1713371250
549,queenstown,-31.8976,26.8753,18.62,52,79,2.9,ZA,1713371251
550,marsh harbour,26.5412,-77.0636,22.99,65,12,7.24,BS,1713371251
551,kandyagash,49.4744,57.4233,17.05,54,13,4.15,KZ,1713371251
552,kralendijk,12.15,-68.2667,31.99,66,75,8.23,BQ,1713371251
553,kuta,-8.7233,115.1723,26.97,94,75,2.68,ID,1713371251
554,estrela,-28.0611,-50.9383,17.36,60,17,4.07,BR,1713371251
555,belabo,4.9333,13.3,33.13,41,97,0.88,CM,1713371251
556,ternate,0.8,127.4,27.29,79,97,1.21,ID,1713371258
557,mahajanga,-15.7167,46.3167,30.01,58,40,3.09,MG,1713371259
558,lake city,30.1897,-82.6393,27.7,58,0,2.57,US,1713371260
559,san antonio,29.4241,-98.4936,26.06,90,100,3.09,US,1713370547
560,okhotsk,59.3833,143.3,-3.14,91,39,2.26,RU,1713371263
561,belmonte,-15.8631,-38.8828,28.23,60,88,4.56,BR,1713371263
562,aswan,24.0934,32.907,38.61,9,0,0.0,EG,1713370938
563,mandsaur,24.0667,75.0667,35.47,18,31,2.3,IN,1713371263
564,blackwater,-23.5833,148.8833,20.98,80,90,2.74,AU,1713371264
565,rawai,7.7797,98.3253,31.1,70,100,4.16,TH,1713371264
566,aqadyr,48.2553,72.8483,12.55,73,60,2.8,KZ,1713371264
567,binji,13.2228,4.9096,41.78,7,35,2.63,NG,1713371265
568,jabor,5.921,169.6434,27.84,83,17,7.22,MH,1713371265
569,pangody,65.85,74.4859,0.23,96,100,3.76,RU,1713371265
570,waltham abbey,51.687,-0.0042,12.12,54,100,6.46,GB,1713371203
571,novaya ladoga,60.1025,32.3019,-0.2,73,70,4.33,RU,1713371265
572,kourou,5.1552,-52.6478,27.03,95,100,3.91,GF,1713371272
573,arafat,21.3594,39.9664,31.35,24,0,5.59,SA,1713371272
574,horta,38.5333,-28.6333,16.8,93,75,6.17,PT,1713371272
575,vendome,47.8,1.0667,12.16,81,100,5.79,FR,1713371272
576,wainwright,52.839,-110.8572,-1.63,78,100,10.46,CA,1713371273
577,laon,49.5667,3.6667,9.32,66,100,5.71,FR,1713371276
578,vyyezdnoye,55.3815,43.7864,11.54,98,100,1.88,RU,1713371276
579,aldama,22.9167,-98.0667,31.0,54,56,3.71,MX,1713371276
580,howard springs,-12.497,131.047,25.95,93,100,1.71,AU,1713371276
